source_id,team_fifa_code,name,position
295347,ALG,Achref Abada,Defence
293057,ALG,Adil Boulbina,Midfield
8476,ALG,Amine Gouiri,Offence
245574,ALG,Amine Tougai,Defence
244466,ALG,Anis Moussa,Offence
19,ALG,Aïssa Mandi,Defence
178658,ALG,Fares Chaïbi,Midfield
245324,ALG,Farés Ghedjemis,Offence
123508,ALG,Hicham Boudaoui,Midfield
8466,ALG,Houssem Aouar,Midfield
202532,ALG,Ibrahim Maza,Midfield
147891,ALG,Jaouen Hadjam,Defence
3871,ALG,Luca Zidane,Goalkeeper
171469,ALG,Melvin Mastil,Goalkeeper
180827,ALG,Mohammed Amoura,Offence
6503,ALG,Nabil Bentaleb,Midfield
192676,ALG,Nadhir Benbouali,Offence
130440,ALG,Oussama Benbout,Goalkeeper
160756,ALG,Rafik Belghali,Defence
124715,ALG,Ramiz Zerrouki,Midfield
8805,ALG,Ramy Bensebaini,Defence
8642,ALG,Rayan Aït Nouri,Defence
8069,ALG,Riyad Mahrez,Offence
116150,ALG,Samir Chergui,Defence
261523,ALG,Yacine Titraoui,Midfield
245545,ALG,Zinédine Belaïd,Defence
45681,ARG,Alexis Mac Allister,Midfield
45735,ARG,Christian Romero,Defence
3141,ARG,Emiliano Martínez,Goalkeeper
102603,ARG,Enzo Fernández,Midfield
11720,ARG,Exequiel Palacios,Midfield
46125,ARG,Facundo Medina,Defence
3216,ARG,Giovani Lo Celso,Midfield
171964,ARG,Giuliano Simeone,Offence
11667,ARG,Gonzalo Montiel,Defence
6,ARG,Géronimo Rulli,Goalkeeper
170698,ARG,José Manuel López,Offence
46554,ARG,Juan Musso,Goalkeeper
98571,ARG,Julián Álvarez,Offence
3220,ARG,Lautaro Martínez,Offence
3214,ARG,Leandro Paredes,Midfield
82020,ARG,Leonardo Balerdi,Defence
3218,ARG,Lionel Messi,Offence
46451,ARG,Lisandro Martínez,Defence
46452,ARG,Nahuel Molina,Defence
203511,ARG,Nico Paz,Midfield
45680,ARG,Nicolás González,Offence
3205,ARG,Nicolás Otamendi,Defence
3208,ARG,Nicolás Tagliafico,Defence
2127,ARG,Rodrigo de Paul,Midfield
79953,ARG,Thiago Almada,Midfield
170261,ARG,Valentin Barco,Defence
8053,AUS,Aiden O'Neill,Midfield
7528,AUS,Ajdin Hrustic,Midfield
176730,AUS,Alessandro Circati,Defence
45143,AUS,Awer Mabil,Midfield
3407,AUS,Aziz Behich,Defence
5432,AUS,Cameron Burgess,Defence
76250,AUS,Cameron Devlin,Midfield
4635,AUS,Connor Metcalfe,Midfield
175891,AUS,Cristian Volpato,Offence
11636,AUS,Harry Souttar,Defence
3421,AUS,Jackson Irvine,Midfield
4795,AUS,Jacob Italiano,Defence
56254,AUS,Jason Geria,Defence
176299,AUS,Jordan Bos,Defence
4563,AUS,Kai Trewin,Defence
270733,AUS,Lucas Herrington,Defence
3420,AUS,Mathew Leckie,Midfield
3403,AUS,Maty Ryan,Goalkeeper
3410,AUS,Miloš Degenek,Defence
141451,AUS,Mohamed Toure,Offence
176991,AUS,Nestor Irankunda,Offence
167783,AUS,Nishan Velupillay,Offence
177427,AUS,Patrick Beach,Goalkeeper
4697,AUS,Paul Izzo,Goalkeeper
263718,AUS,Paul Okon-Engstler,Midfield
181753,AUS,Tete Yengi,Offence
6501,AUT,Alessandro Schöpf,Midfield
113457,AUT,Alexander Prass,Defence
10702,AUT,Alexander Schlager,Goalkeeper
167570,AUT,Carney Chukwuemeka,Midfield
56829,AUT,Christoph Baumgartner,Midfield
123212,AUT,David Affengruber,Defence
349,AUT,David Alaba,Defence
404,AUT,Florian Grillitsch,Midfield
217244,AUT,Florian Wiegele,Goalkeeper
6655,AUT,Kevin Danso,Defence
9549,AUT,Konrad Laimer,Midfield
9551,AUT,Marcel Sabitzer,Midfield
9447,AUT,Marco Friedl,Defence
8223,AUT,Marko Arnautovic,Offence
6661,AUT,Michael Gregoritsch,Offence
61968,AUT,Michael Svoboda,Defence
113038,AUT,Nicolas  Seiwald,Midfield
10837,AUT,Patrick Pentz,Goalkeeper
124324,AUT,Patrick Wimmer,Midfield
176932,AUT,Paul Wanner,Midfield
9477,AUT,Philipp Lienhart,Defence
6576,AUT,Philipp Mwene,Defence
16346,AUT,Romano Schmid,Midfield
10761,AUT,Saša Kalajdžić,Offence
395,AUT,Stefan Posch,Defence
16344,AUT,Xaver Schlager,Midfield
8858,BEL,Alexis Saelemaekers,Midfield
114024,BEL,Amadou Onana,Midfield
145893,BEL,Arthur Theate,Defence
3656,BEL,Axel Witsel,Midfield
8873,BEL,Brandon Mechele,Defence
129947,BEL,Charles De Ketelaere,Offence
182192,BEL,Diego Moreira,Midfield
8128,BEL,Dodi Lukebakio,Midfield
8888,BEL,Hans Vanaken,Midfield
99775,BEL,Jeremy Doku,Midfield
213534,BEL,Joaquin Seys,Defence
3654,BEL,Kevin De Bruyne,Midfield
153556,BEL,Koni De Winter,Defence
8984,BEL,Leandro Trossard,Offence
213511,BEL,Matias Fernandez-Pardo,Offence
142075,BEL,Maxim De Cuyper,Defence
191068,BEL,Mike Penders,Goalkeeper
192677,BEL,Nathan Ngoy,Defence
8915,BEL,Nicolas Raskin,Midfield
3662,BEL,Romelu Lukaku,Offence
129946,BEL,Senne Lammens,Goalkeeper
3641,BEL,Thibaut Courtois,Goalkeeper
3650,BEL,Thomas Meunier,Defence
1836,BEL,Timothy Castagne,Defence
3658,BEL,Youri Tielemans,Midfield
160926,BEL,Zeno Debast,Defence
81816,BIH,Amar Dedić,Defence
275052,BIH,Amar Memić,Midfield
30102,BIH,Amir Hadžiahmetović,Midfield
119385,BIH,Armin Gigovic,Midfield
189280,BIH,Benjamin Tahirovic,Midfield
15357,BIH,Dennis Hadžikadunić,Defence
9400,BIH,Dženis Burnić,Midfield
1822,BIH,Edin Džeko,Offence
33242,BIH,Ermedin Demirovic,Offence
221764,BIH,Ermin Mahmic,Midfield
186380,BIH,Esmir Bajraktarevic,Offence
63218,BIH,Haris Tabaković,Offence
147030,BIH,Ivan Bašić,Midfield
23206,BIH,Ivan Šunjić,Midfield
17767,BIH,Jovo Lukić,Offence
272213,BIH,Kerim Alajbegović,Offence
17645,BIH,Martin Zlomislić,Goalkeeper
276572,BIH,Mladen Jurkas,Goalkeeper
216398,BIH,Nidal Čelik,Defence
17869,BIH,Nihad Mujakić,Defence
23182,BIH,Nikola Katić,Defence
65105,BIH,Nikola Vasilj,Goalkeeper
172226,BIH,Samed Bazdar,Offence
7786,BIH,Sead Kolašinac,Defence
65758,BIH,Stjepan Radeljić,Defence
189153,BIH,Tarik Muharemović,Defence
2028,BRA,Alex Sandro,Defence
1795,BRA,Alisson Becker,Goalkeeper
1106,BRA,Bremer,Defence
1684,BRA,Bruno Guimarães,Midfield
3231,BRA,Casemiro,Midfield
7881,BRA,Danilo Luiz da Silva,Defence
149704,BRA,Danilo dos Santos de Oliveira,Midfield
6517,BRA,Douglas Santos,Defence
3222,BRA,Ederson,Goalkeeper
188487,BRA,Endrick,Offence
8749,BRA,Fabinho,Midfield
23128,BRA,Gabriel Magalhães,Defence
1543,BRA,Lucas Paquetá,Midfield
145539,BRA,Luiz Henrique,Offence
11192,BRA,Léo Pereira,Defence
3225,BRA,Marquinhos,Defence
61450,BRA,Martinelli,Offence
30842,BRA,Matheus Cunha,Offence
8491,BRA,Neymar,Offence
37428,BRA,Raphinha,Offence
203356,BRA,Rayan,Offence
1081,BRA,Roger Ibañez,Defence
138230,BRA,Thiago,Offence
1556,BRA,Vinicius Junior,Offence
179164,BRA,Wesley,Defence
1170,BRA,Weverton,Goalkeeper
81286,CAN,Alfie Jones,Defence
181976,CAN,Ali Ahmed,Midfield
118604,CAN,Alistair Johnston,Defence
21288,CAN,Alphonso Davies,Defence
15958,CAN,Cyle Larin,Offence
113351,CAN,Dayne St. Clair,Goalkeeper
113228,CAN,Derek Cornelius,Defence
172183,CAN,Ismael Kone,Midfield
111842,CAN,Jacob Shaffelburg,Offence
112209,CAN,Joel Waterman,Defence
8924,CAN,Jonathan David,Offence
21199,CAN,Jonathan Osorio,Midfield
110807,CAN,Liam Millar,Offence
217596,CAN,Luc De Fougerolles,Defence
140546,CAN,Marcelo Flores,Midfield
72777,CAN,Mathieu Choinière,Midfield
21226,CAN,Maxime Crépeau,Goalkeeper
192153,CAN,Moise Bombito,Defence
171216,CAN,Nathan-Dylan Saliba,Midfield
216809,CAN,Niko Sigur,Midfield
189264,CAN,Owen Goodman,Goalkeeper
260992,CAN,Promise Akinpelu,Offence
77691,CAN,Richie Laryea,Defence
37479,CAN,Stephen Eustáquio,Midfield
113175,CAN,Tajon Buchanan,Midfield
177826,CAN,Tani Oluwaseyi,Offence
8292,CIV,Alban Lafont,Goalkeeper
133584,CIV,Amad Diallo,Midfield
152738,CIV,Ange-Yoan Bonny,Offence
249312,CIV,Bazoumana Touré,Offence
269161,CIV,Christ Ravynel Inao Oulaï,Midfield
700,CIV,Christopher Operi,Defence
149731,CIV,Emmanuel Agbadou,Defence
526,CIV,Evan N'Dicka,Defence
128710,CIV,Evann Guessand,Offence
1747,CIV,Franck Kessié,Midfield
37432,CIV,Ghislain Konan,Defence
135473,CIV,Guela Doué,Defence
8307,CIV,Ibrahim Sangaré,Midfield
8430,CIV,Jean Michaël Seri,Midfield
170943,CIV,Mohamed Kone,Goalkeeper
8412,CIV,Nicolas Pépé,Offence
167098,CIV,Odilon Kossounou,Defence
188275,CIV,Oumar Diakite,Offence
191760,CIV,Ousmane Diomande,Defence
144698,CIV,Parfait Guiagon,Midfield
2126,CIV,Seko Fofana,Midfield
156808,CIV,Sepe Elye Wahi,Offence
166249,CIV,Simon Adingra,Offence
113375,CIV,Wilfried Singo,Defence
616,CIV,Yahia Fofana,Goalkeeper
277484,CIV,Yan Diomandé,Offence
14596,COD,Aaron Tshibola,Midfield
8158,COD,Aaron Wan-Bissaka,Defence
8204,COD,Arthur Masuaku,Defence
3894,COD,Axel Tuanzebe,Defence
243626,COD,Brian Cipenga,Offence
7918,COD,Chancel Mbemba,Defence
30876,COD,Charles Pickel,Midfield
21583,COD,Cédric Bakambu,Offence
9160,COD,Dylan Batubinsika,Defence
8854,COD,Edo Kayembe,Midfield
245577,COD,Fiston Mayele,Offence
8596,COD,Gaël Kakuta,Midfield
82600,COD,Gédéon Kalulu,Defence
8700,COD,Joris Kayembe,Defence
106838,COD,Lionel Mpasi,Goalkeeper
170838,COD,Matthieu Epolo,Goalkeeper
166776,COD,Meschack Elia,Offence
125668,COD,Nathanael Mbuku,Offence
192666,COD,Ngal'ayel Mukau,Midfield
182273,COD,Noah Sadiki,Midfield
8701,COD,Samuel Moutoussamy,Midfield
74554,COD,Simon Banza,Offence
220602,COD,Steve Kapuadi,Defence
9309,COD,Theo Bongonda,Offence
98898,COD,Timothy Fayulu,Goalkeeper
612,COD,Yoane Wissa,Offence
3721,COL,Camilo Vargas,Goalkeeper
178432,COL,Carlos Gómez,Offence
32415,COL,Cucho Hernández,Offence
22010,COL,Daniel Muñoz,Defence
3722,COL,David Ospina,Goalkeeper
3733,COL,Davinson Sánchez,Defence
8913,COL,Deiver Machado,Defence
191421,COL,Gustavo Puerta,Midfield
365,COL,James Rodríguez,Midfield
170245,COL,Jaminton Campaz,Midfield
3737,COL,Jefferson Lerma,Midfield
22306,COL,Jhon Arias,Midfield
212,COL,Jhon Córdoba,Offence
22113,COL,Jhon Lucumí,Defence
3724,COL,Johan Mojica,Defence
29012,COL,Jorge Carrascal,Midfield
178353,COL,Juan Portilla,Midfield
168403,COL,Juan Quintero,Midfield
156738,COL,Kevin Castaño,Midfield
22396,COL,Luis Díaz,Offence
32386,COL,Luis Suárez,Offence
170657,COL,Richard Rios,Midfield
3723,COL,Santiago Arias,Defence
82825,COL,Willer Ditta,Defence
3728,COL,Yerry Mina,Defence
22742,COL,Álvaro Montero,Goalkeeper
150997,CPV,C.J. dos Santos,Goalkeeper
175919,CPV,Dailon Rocha Livramento,Offence
7759,CPV,Deroy Duarte,Midfield
45328,CPV,Diney Borges,Defence
30554,CPV,Garry Rodrigues,Midfield
151942,CPV,Gilson Tavares,Offence
213119,CPV,Hélio Varela,Offence
167455,CPV,Jamiro Monteiro,Midfield
37116,CPV,Jovane Cabral,Offence
212575,CPV,João Paulo,Midfield
246869,CPV,Kelvin Pires,Defence
40121,CPV,Kevin Pina,Midfield
67968,CPV,Laros Duarte,Midfield
814,CPV,Logan Costa,Defence
53172,CPV,Márcio Rosa,Goalkeeper
166784,CPV,Nuno Da Costa,Offence
36618,CPV,Roberto Lopes,Defence
30502,CPV,Ryan Mendes,Offence
209178,CPV,Sidny Lopes Cabral,Defence
593,CPV,Steven Moreira,Defence
63097,CPV,Stopira,Defence
145346,CPV,Telmo Arcanjo,Midfield
120725,CPV,Vózinha,Goalkeeper
213136,CPV,Wagner Pina,Defence
9278,CPV,Willy Semedo,Offence
103108,CPV,Yannick Semedo,Midfield
318,CRO,Andrej Kramarić,Offence
2237,CRO,Ante Budimir,Offence
67883,CRO,Dominik Kotarski,Goalkeeper
3548,CRO,Dominik Livaković,Goalkeeper
10206,CRO,Duje Ćaleta-Car,Defence
156629,CRO,Igor Matanovic,Offence
2004,CRO,Ivan Perišić,Offence
16577,CRO,Ivor Pandur,Goalkeeper
122188,CRO,Josip Stanišić,Defence
134835,CRO,Josip Šutalo,Defence
122266,CRO,Joško Gvardiol,Defence
23222,CRO,Kristijan Jakić,Midfield
43,CRO,Luka Modrić,Midfield
82516,CRO,Luka Sučić,Midfield
216835,CRO,Luka Vušković,Defence
150052,CRO,Marco Pašalić,Offence
15110,CRO,Marin Pongračić,Defence
3553,CRO,Mario Pašalić,Midfield
156912,CRO,Martin Baturina,Midfield
74268,CRO,Martin Erlic,Defence
65,CRO,Mateo Kovačić,Midfield
23135,CRO,Nikola Moro,Midfield
7843,CRO,Nikola Vlašić,Midfield
56589,CRO,Petar Musa,Offence
154013,CRO,Petar Sucic,Midfield
216138,CRO,Toni Fruk,Midfield
149120,CUW,Ar'jany Martha,Defence
7443,CUW,Armando Obispo,Defence
190770,CUW,Brandley Kuwas,Offence
177433,CUW,Deveron Fonville,Defence
7437,CUW,Eloy Room,Goalkeeper
6597,CUW,Gervane Kastaneer,Offence
7274,CUW,Godfried Roemeratoe,Midfield
149134,CUW,Jearl Margaritha,Offence
156631,CUW,Jeremy Antonisse,Offence
7438,CUW,Joshua Brenet,Defence
7518,CUW,Juninho Bacuna,Midfield
55417,CUW,Juriën Gaari,Defence
8288,CUW,Jürgen Locadia,Offence
7986,CUW,Kenji Gorré,Offence
53327,CUW,Kevin Felida,Midfield
4280,CUW,Leandro Bacuna,Midfield
166156,CUW,Livano Comenencia,Defence
9428,CUW,Riechedly Bazoer,Defence
7229,CUW,Roshon van Eijma,Defence
7744,CUW,Sheral Floranus,Defence
137697,CUW,Shurandy Sambo,Defence
137025,CUW,Sontje Hansen,Offence
98483,CUW,Tahith Chong,Offence
7412,CUW,Trevor Doornbusch,Goalkeeper
191954,CUW,Tyrese Noslin,Defence
171283,CUW,Tyrick Bodak,Goalkeeper
99042,CZE,Adam Hložek,Offence
269966,CZE,Alexandr Sojka,Midfield
62821,CZE,David Douděra,Midfield
146716,CZE,David Jurásek,Defence
127813,CZE,David Zima,Defence
154082,CZE,Denis Višinský,Midfield
293648,CZE,Hugo Sochůrek,Midfield
62726,CZE,Jan Kuchta,Offence
62536,CZE,Jaroslav Zelený,Defence
120246,CZE,Jindřich Staněk,Goalkeeper
1878,CZE,Ladislav Krejčí,Midfield
146753,CZE,Lukáš Horníček,Goalkeeper
120279,CZE,Lukáš Provod,Midfield
145322,CZE,Lukáš Červ,Midfield
136350,CZE,Matej Kovar,Goalkeeper
67970,CZE,Michal Sadílek,Midfield
99752,CZE,Mojmír Chytil,Offence
1826,CZE,Patrik Schick,Offence
121312,CZE,Pavel Šulc,Midfield
188239,CZE,Robin Hranac,Defence
16396,CZE,Tomáš Chorý,Offence
62769,CZE,Tomáš Holeš,Defence
15742,CZE,Tomáš Souček,Midfield
62631,CZE,Vladimir Coufal,Defence
6556,CZE,Vladimír Darida,Midfield
254530,CZE,Štěpán Chaloupek,Defence
24670,ECU,Alan Franco,Midfield
179174,ECU,Alan Minda,Midfield
178940,ECU,Anthony Valencia,Offence
212692,ECU,Denil Castillo,Midfield
40009,ECU,Enner Valencia,Offence
24740,ECU,Félix Torres,Defence
56066,ECU,Gonzalo Plata,Midfield
24881,ECU,Gonzalo Valle,Goalkeeper
24545,ECU,Hernán Galíndez,Goalkeeper
114331,ECU,Jackson Porozo,Defence
215510,ECU,Jeremy,Offence
178928,ECU,Joel Ordoñez,Defence
98549,ECU,John Yeboah,Offence
24988,ECU,Jordy Alcívar,Midfield
24562,ECU,Jordy Caicedo,Offence
189975,ECU,Kevin Rodríguez,Offence
121103,ECU,Moisés Caicedo,Midfield
169139,ECU,Moisés Ramírez,Goalkeeper
187375,ECU,Nilson Angulo,Offence
166131,ECU,Pedro Vite,Midfield
32642,ECU,Pervis Estupiñán,Defence
125674,ECU,Piero Hincapié,Defence
205684,ECU,Ray Paez,Midfield
114102,ECU,William Pacho,Defence
192819,ECU,Yaimar Medina,Defence
24673,ECU,Ángelo Preciado,Defence
245553,EGY,Ahmed El Fotouh,Defence
295344,EGY,El Mahdi Soliman,Goalkeeper
191972,EGY,Emam Ashour,Midfield
98222,EGY,Haissem Hassan,Offence
132389,EGY,Hamdy Fathy,Midfield
274542,EGY,Hamza Abdelkarim,Offence
261033,EGY,Hossam Abdelmaguid,Defence
253635,EGY,Ibrahim Adel,Offence
780,EGY,Karim Hafez,Defence
261012,EGY,Mahmoud Saber,Midfield
245582,EGY,Marwan Attia,Midfield
245563,EGY,Mohamed Abdelmonem,Defence
132128,EGY,Mohamed Alaa,Goalkeeper
3743,EGY,Mohamed El Shenawy,Goalkeeper
83057,EGY,Mohamed Hany,Defence
3754,EGY,Mohamed Salah,Offence
245550,EGY,Mohanad Lashin,Midfield
295848,EGY,Mostafa Ziko,Midfield
114669,EGY,Nabil Dunga,Midfield
66896,EGY,Omar Marmoush,Offence
251169,EGY,Oufa Shobeir,Goalkeeper
245625,EGY,Rami Rabia,Defence
295343,EGY,Tarek Alaa,Defence
180952,EGY,Trezeguet,Midfield
245519,EGY,Yasser Ibrahim,Defence
45207,EGY,Zizo,Midfield
7848,ENG,Anthony Gordon,Midfield
99813,ENG,Bukayo Saka,Offence
4870,ENG,Dan Burn,Defence
5457,ENG,Dean Henderson,Goalkeeper
8215,ENG,Declan Rice,Midfield
80775,ENG,Djed Spence,Defence
4032,ENG,Eberechi Eze,Midfield
107330,ENG,Elliot Anderson,Midfield
6317,ENG,Ezri Konsa,Defence
8004,ENG,Harry Kane,Offence
5453,ENG,Ivan Toney,Offence
153874,ENG,James Trafford,Goalkeeper
176718,ENG,Jarell Quansah,Defence
3313,ENG,John Stones,Defence
3320,ENG,Jordan Henderson,Midfield
3309,ENG,Jordan Pickford,Goalkeeper
125010,ENG,Jude Bellingham,Midfield
190797,ENG,Kobbie Mainoo,Midfield
118489,ENG,Marc Guéhi,Defence
3331,ENG,Marcus Rashford,Offence
82140,ENG,Morgan Rogers,Midfield
206743,ENG,Nico O'Reilly,Defence
167720,ENG,Noni Madueke,Offence
4444,ENG,Ollie Watkins,Offence
56628,ENG,Reece James,Defence
168712,ENG,Valentino Livramento,Defence
16739,ESP,Alejandro Grimaldo,Defence
7884,ESP,Aymeric Laporte,Defence
32056,ESP,Borja Iglesias,Offence
15863,ESP,Cucurella,Defence
23132,ESP,Dani Olmo,Midfield
4832,ESP,David Raya,Goalkeeper
101345,ESP,Eric García,Defence
22,ESP,Fabián Ruiz,Midfield
33154,ESP,Ferrán Torres,Midfield
152506,ESP,Joan García,Goalkeeper
202283,ESP,Lamine Yamal,Offence
176745,ESP,Marc Pubill,Defence
70,ESP,Marcos Llorente,Midfield
115035,ESP,Martín Zubimendi,Midfield
7935,ESP,Mikel Merino,Midfield
180137,ESP,Mikel Oyarzabal,Midfield
157135,ESP,Nico Williams,Offence
171992,ESP,Pablo Gavira,Midfield
217540,ESP,Pau Cubarsí,Defence
133860,ESP,Pedri,Midfield
81037,ESP,Pedro Porro,Defence
3199,ESP,Rodri,Midfield
32570,ESP,Unai Simón,Goalkeeper
273423,ESP,Víctor Muñoz,Offence
152505,ESP,Yeremi Pino,Offence
213278,ESP,Álex Baena,Midfield
3368,FRA,Adrien Rabiot,Midfield
8514,FRA,Aurélien Tchouameni,Midfield
172762,FRA,Bradley Barcola,Offence
8316,FRA,Brice Samba,Goalkeeper
9541,FRA,Dayot Upamecano,Defence
177522,FRA,Desire Doue,Midfield
9542,FRA,Ibrahima Konaté,Defence
641,FRA,Jean-Philippe Mateta,Offence
8499,FRA,Jules Koundé,Defence
3374,FRA,Kylian Mbappé,Offence
3359,FRA,Lucas Digne,Defence
3365,FRA,Lucas Hernández,Defence
175701,FRA,Maghnes Akliouche,Midfield
152498,FRA,Malo Gusto,Defence
102395,FRA,Manu Koné,Midfield
8685,FRA,Marcus Thuram-Ulien,Offence
82351,FRA,Maxence Lacroix,Defence
113765,FRA,Michael Olise,Offence
8390,FRA,Mike Maignan,Goalkeeper
3367,FRA,N'Golo Kanté,Midfield
3373,FRA,Ousmane Dembélé,Offence
133242,FRA,Rayan Cherki,Midfield
188389,FRA,Robin Risser,Goalkeeper
71,FRA,Theo Hernández,Defence
186089,FRA,Warren Zaïre-Emery,Midfield
80171,FRA,William Saliba,Defence
202665,GER,Aleksandar Pavlović,Midfield
6491,GER,Alexander Nübel,Goalkeeper
128565,GER,Angelo Stiller,Midfield
3177,GER,Antonio Rüdiger,Defence
212636,GER,Assan Ouédraogo,Midfield
9905,GER,David Raum,Defence
6928,GER,Deniz Undav,Offence
101074,GER,Felix Kalu Nmecha,Midfield
19334,GER,Florian Wirtz,Midfield
144393,GER,Jamal Musiala,Midfield
123333,GER,Jamie Leweling,Offence
149,GER,Jonathan Tah,Defence
359,GER,Joshua Kimmich,Midfield
171,GER,Kai Havertz,Offence
3181,GER,Leon Goretzka,Midfield
3184,GER,Leroy Sané,Offence
142732,GER,Malick Thiaw,Defence
341,GER,Manuel Neuer,Goalkeeper
133903,GER,Maximilian Beier,Offence
320,GER,Nadiem Amiri,Midfield
184533,GER,Nathaniel Brown,Defence
133547,GER,Nick Woltemade,Offence
75539,GER,Nico Schlotterbeck,Defence
316,GER,Oliver Baumann,Goalkeeper
8273,GER,Pascal Groß,Midfield
379,GER,Waldemar Anton,Defence
187162,GHA,Abdul Issahaku,Offence
25641,GHA,Abdul Mumin,Defence
6499,GHA,Abdul Rahman Baba,Defence
147893,GHA,Alidu Seidu,Defence
4417,GHA,Antoine Semenyo,Offence
175747,GHA,Augustine Boakye,Midfield
277336,GHA,Benjamin Asare,Goalkeeper
6389,GHA,Brandon Thomas-Asante,Offence
262187,GHA,Caleb Yirenkyi,Midfield
193596,GHA,Christopher Bonsu Baah,Offence
7442,GHA,Derrick Luckassen,Defence
8470,GHA,Elisha Owusu,Midfield
184726,GHA,Ernest Nuamah,Offence
16340,GHA,Gideon Mensah,Defence
32629,GHA,Iñaki Williams,Offence
128235,GHA,Jerome Opoku,Defence
191269,GHA,Jonas Adjei Adjetey,Defence
7984,GHA,Jordan Ayew,Offence
137390,GHA,Joseph Anang,Goalkeeper
142140,GHA,Kamal Deen Sulemana,Offence
202896,GHA,Kojo Peprah Oppong,Defence
79960,GHA,Kwasi Sibo,Midfield
495,GHA,Lawrence Ati-Zigi,Goalkeeper
153924,GHA,Marvin Senaya,Defence
218805,GHA,Prince Adu,Offence
110,GHA,Thomas Partey,Midfield
154781,HAI,Alexandre Pierre,Goalkeeper
250006,HAI,Carl Sainté,Midfield
532,HAI,Carlens Arcus,Defence
177049,HAI,Danley Jean Jacques,Midfield
77609,HAI,Derrick Etienne,Midfield
182788,HAI,Dominique Simon,Midfield
5380,HAI,Duckens Nazon,Offence
253605,HAI,Duke LaCroix,Defence
74870,HAI,Frantzdy Pierrot,Offence
253661,HAI,Garven-Michee Metusala,Defence
8845,HAI,Hannes Delcroix,Defence
776,HAI,Jean-Kevin Duverne,Defence
788,HAI,Jean-Ricner Bellegarde,Midfield
170624,HAI,Johny Placide,Goalkeeper
152737,HAI,Josué Casimir,Offence
295199,HAI,Josué Duverger,Goalkeeper
256398,HAI,Keeto Thermoncy,Defence
106726,HAI,Lenny Joseph,Offence
125787,HAI,Louicius Don Deedson,Offence
158228,HAI,Martin Expérience,Defence
166220,HAI,Ricardo Adé,Defence
152801,HAI,Ruben Providence,Offence
291152,HAI,Wilguens Paugain,Defence
83599,HAI,Wilson Isidor,Offence
295197,HAI,Woodensky Pierre,Midfield
82421,HAI,Yassin Fortune,Offence
119530,IRN,Ali Alipour,Offence
295339,IRN,Ali Nemati,Defence
171319,IRN,Alireza Beiranvand,Goalkeeper
3819,IRN,Alireza Jahanbakhsh,Offence
254746,IRN,Amir Hosseinzadeh,Offence
295334,IRN,Amir Razzaghinia,Midfield
244158,IRN,Ariya Yousefi,Midfield
295340,IRN,Danial Eiri,Defence
33634,IRN,Dennis Eckert,Offence
3800,IRN,Ehsan Hajsafi,Defence
3797,IRN,Hossein Hosseini,Goalkeeper
231884,IRN,Hossein Kanaanizadegan,Defence
249672,IRN,Medhi Ghayedi,Midfield
3820,IRN,Mehdi Taremi,Offence
189724,IRN,Mehdi Torabi,Midfield
3811,IRN,Milad Mohammadi,Defence
189790,IRN,Mohammad Ghorbani,Midfield
172641,IRN,Mohammad Mohebi,Offence
103099,IRN,Payam Niazmand,Goalkeeper
3804,IRN,Ramin Rezaeian,Defence
231900,IRN,Rouzbeh Cheshmi,Defence
3821,IRN,Saeid Ezatolahi,Midfield
249673,IRN,Saleh Hardani,Defence
179746,IRN,Saman Ghoddos,Offence
152180,IRN,Shahriar Moghanlou,Offence
231889,IRN,Shojae Khalilzadeh,Defence
236206,IRQ,Ahmed Basil,Goalkeeper
167462,IRQ,Ahmed Qasem,Midfield
236195,IRQ,Ahmed Yahya,Defence
117481,IRQ,Aimar Sher,Midfield
253190,IRQ,Akam Hashem,Defence
177008,IRQ,Ali Al-Hamadi,Offence
218847,IRQ,Ali Jassim El-Aibi,Offence
295189,IRQ,Ali Yousif,Offence
31373,IRQ,Amir Al Ammari,Midfield
117153,IRQ,Aymen Hussein,Offence
132162,IRQ,Fahad Talib,Goalkeeper
236201,IRQ,Frans Putros,Defence
129968,IRQ,Hussein Ali,Defence
123067,IRQ,Ibrahim Bayesh,Midfield
117137,IRQ,Jalal Hassan,Goalkeeper
35515,IRQ,Kevin Yakob,Midfield
249877,IRQ,Manaf Younis,Defence
193630,IRQ,Marko Farji,Offence
152724,IRQ,Merchas Doski,Defence
221753,IRQ,Mohanad Ali,Offence
236191,IRQ,Mustafa Saadoun,Defence
210821,IRQ,Rebin Sulaka,Defence
165049,IRQ,Youssef Amyn,Midfield
295321,IRQ,Zaid Ismail,Midfield
249839,IRQ,Zaid Tahseen,Defence
176642,IRQ,Zidane Iqbal,Midfield
249669,JOR,Abdallah Al Fakhouri,Goalkeeper
244110,JOR,Abdallah Naseeb,Defence
295350,JOR,Ali Azaizeh,Offence
244174,JOR,Ali Olwan,Offence
295352,JOR,Amer Jamous,Midfield
295867,JOR,Anas Badawi,Defence
116915,JOR,Ehsan Haddad,Defence
295354,JOR,Husam Abu Dahab,Defence
249756,JOR,Ibrahim Saadeh,Midfield
280317,JOR,Ibrahim Sabra,Offence
116928,JOR,Mahmoud Al Mardi,Offence
244241,JOR,Mohammad Abu Hasheesh,Midfield
249762,JOR,Mohammad Abu Zrayq,Offence
202806,JOR,Mohammad Abualnadi,Defence
295351,JOR,Mohammad Al-Dawoud,Midfield
244346,JOR,Mohannad Abu Taha,Offence
98763,JOR,Musa Al Taamari,Offence
231890,JOR,Nizar Al Rashdan,Midfield
244206,JOR,Noor Al Rawabdeh,Midfield
250010,JOR,Noureddin Bani Ateyah,Goalkeeper
295348,JOR,Odeh Fakhoury,Offence
244171,JOR,Rajaei Ayed,Midfield
249653,JOR,Saed Al Rosan,Defence
116921,JOR,Saleem Obaid,Defence
119303,JOR,Yazan Al Arab,Defence
243818,JOR,Yazeed Abu Layla,Goalkeeper
49105,JPN,Ao Tanaka,Midfield
119460,JPN,Ayase Ueda,Offence
113230,JPN,Ayumu Seko,Defence
6716,JPN,Daichi Kamada,Midfield
44017,JPN,Daizen Maeda,Offence
48657,JPN,Hiroki Ito,Defence
181210,JPN,Junnosuke Suzuki,Defence
49080,JPN,Junya Ito,Offence
114809,JPN,Kaishu Sano,Midfield
274204,JPN,Keisuke Goto,Offence
48729,JPN,Keisuke Ōsako,Goalkeeper
48595,JPN,Keito Nakamura,Midfield
247160,JPN,Kento Shiogai,Offence
48902,JPN,Ko Itakura,Defence
48659,JPN,Koki Ogawa,Offence
7531,JPN,Ritsu Doan,Offence
49097,JPN,Shogo Taniguchi,Defence
48555,JPN,Takefusa Kubo,Midfield
9034,JPN,Takehiro Tomiyasu,Defence
161335,JPN,Tomoki Hayakawa,Goalkeeper
113595,JPN,Tsuyoshi Watanabe,Defence
3269,JPN,Wataru Endō,Midfield
145293,JPN,Yuito Suzuki,Midfield
48670,JPN,Yukinari Sugawara,Defence
3264,JPN,Yūto Nagatomo,Defence
118920,JPN,Zion Suzuki,Goalkeeper
189673,KOR,Bum-keun Song,Goalkeeper
295846,KOR,Cho Wi-Je,Defence
177318,KOR,Dong-gyeong Lee,Midfield
254209,KOR,Gi-hyuk Lee,Defence
189762,KOR,Gue-Sung Cho,Offence
217715,KOR,Han-bum Lee,Defence
170281,KOR,Heung-min Son,Offence
3354,KOR,Hwang Heechan,Offence
189775,KOR,Hyeon-woo Jo,Goalkeeper
191295,KOR,Hyun-Gyu Oh,Offence
189665,KOR,Hyun-jun Yang,Offence
170561,KOR,In-beom Hwang,Midfield
179889,KOR,Jae-sung Lee,Midfield
151888,KOR,Jens Castrop,Midfield
261683,KOR,Ji-sung Eom,Offence
189741,KOR,Jin-Gyu Kim,Midfield
244407,KOR,Jin-seob Park,Defence
217655,KOR,Joon-ho Bae,Midfield
213217,KOR,Kang-in Lee,Midfield
168299,KOR,Min-Jae Kim,Defence
171221,KOR,Moon-hwan Kim,Defence
166683,KOR,Seung-Gyu Kim,Goalkeeper
189752,KOR,Seung-Ho Paik,Midfield
246906,KOR,Tae-hyeon Kim,Defence
282051,KOR,Tae-seok Lee,Defence
243858,KOR,Young-woo Seol,Defence
103094,KSA,Abdulelah Al Amri,Defence
3583,KSA,Abdullah Al Khaibari,Midfield
189799,KSA,Abdullah Al-Hamdan,Offence
249787,KSA,Ahmed Al Kassar,Goalkeeper
295851,KSA,Alaa Al Hejji,Midfield
132018,KSA,Ali Lajami,Defence
295325,KSA,Ali Majrashi,Defence
189703,KSA,Ayman Yahya,Midfield
249786,KSA,Firas Al Brikan,Offence
244368,KSA,Hassan Al Tambakti,Defence
244552,KSA,Hassan Kadesh,Defence
295850,KSA,Jehad Thakri,Defence
244411,KSA,Khalid Al Ghannam,Offence
295849,KSA,Mohammed Abu Al Shamat,Midfield
3561,KSA,Mohammed Al Owais,Goalkeeper
248783,KSA,Mohammed Kanno,Midfield
253246,KSA,Moteb Al Harbi,Defence
248781,KSA,Musab Al Juwayr,Midfield
166119,KSA,Nasser Al Dawsari,Midfield
233580,KSA,Nawaf Al Aqidi,Goalkeeper
295852,KSA,Nawaf Boushal,Defence
166114,KSA,Saleh Al Shehri,Offence
3574,KSA,Salem Al Dawsari,Midfield
129098,KSA,Saud Abdulhamid,Defence
114373,KSA,Sultan Mandash,Offence
295324,KSA,Ziyad Al-Johani,Midfield
175941,MAR,Abdessamad Ezzalzouli,Offence
53,MAR,Achraf Hakimi,Defence
3695,MAR,Ahmed Reda Tagnaouti,Goalkeeper
137693,MAR,Anass Salah-Eddine,Defence
172417,MAR,Ayoub El Kaabi,Offence
261438,MAR,Ayoube Amaimouni-Echghouyab,Offence
221819,MAR,Ayyoub Bouaddi,Midfield
122511,MAR,Azzedine Ounahi,Midfield
189873,MAR,Bilal El Khannouss,Midfield
7887,MAR,Brahim Diaz,Midfield
150948,MAR,Chadi Riad,Defence
192313,MAR,Chemsdine Talbi,Midfield
245336,MAR,Gessime Yassine,Offence
130173,MAR,Ismael Saibari,Midfield
8296,MAR,Issa Diop,Defence
3693,MAR,Munir Mohamedi,Goalkeeper
81191,MAR,Nayef Aguerd,Defence
170647,MAR,Neil El Aynaoui,Midfield
7553,MAR,Noussair Mazraoui,Defence
172822,MAR,Redouane Halhal,Defence
244929,MAR,Samir El Mourabet,Midfield
3705,MAR,Sofyan Amrabat,Midfield
130502,MAR,Soufiane Rahimi,Offence
3694,MAR,Yassine Bounou,Goalkeeper
277391,MAR,Youssef Belammari,Defence
213459,MAR,Zakaria El Ouahdi,Defence
39667,MEX,Alexis Vega,Offence
229284,MEX,Armando González,Offence
144457,MEX,Brian Gutiérrez,Midfield
39540,MEX,Carlos Acevedo,Goalkeeper
98820,MEX,César Huerta,Offence
39246,MEX,César Montes,Defence
3293,MEX,Edson Álvarez,Midfield
76356,MEX,Erik Lira,Midfield
264596,MEX,Gilberto Mora,Midfield
39833,MEX,Guillermo Martínez,Offence
3285,MEX,Guillermo Ochoa,Goalkeeper
84096,MEX,Israel Reyes,Defence
3298,MEX,Jesús Gallardo,Defence
39330,MEX,Johan Vásquez,Defence
39546,MEX,Jorge Sánchez,Defence
177674,MEX,José Rangel,Goalkeeper
39237,MEX,Julián Quiñones,Offence
39587,MEX,Luis Chávez,Midfield
39927,MEX,Luis Romo,Midfield
246145,MEX,Mateo Chávez,Defence
170442,MEX,Obed Vargas,Midfield
38786,MEX,Orbelín Pineda,Midfield
3305,MEX,Raúl Jiménez,Offence
39472,MEX,Roberto Alvarado,Offence
39635,MEX,Santiago Giménez,Offence
99992,MEX,Álvaro Fidalgo,Midfield
126870,NED,Bart Verbruggen,Goalkeeper
97535,NED,Brian Brobbey,Offence
7459,NED,Cody Gakpo,Offence
102193,NED,Crysencio Summerville,Midfield
7417,NED,Denzel Dumfries,Defence
7457,NED,Donyell Malen,Midfield
7559,NED,Frenkie de Jong,Midfield
7688,NED,Guus Til,Midfield
98566,NED,Jan Paul van Hecke,Defence
189477,NED,Jorrel Hato,Defence
98816,NED,Jurrien Timber,Defence
7561,NED,Justin Kluivert,Offence
9923,NED,Mark Flekken,Goalkeeper
1848,NED,Marten de Roon,Midfield
97505,NED,Mats Wieffer,Midfield
8472,NED,Memphis Depay,Offence
131177,NED,Mickey van de Ven,Defence
8240,NED,Nathan Aké,Defence
7565,NED,Noa Lang,Midfield
97536,NED,Quinten Timber,Midfield
137691,NED,Robin Roefs,Goalkeeper
81793,NED,Ryan Gravenberch,Midfield
7693,NED,Teun Koopmeiners,Midfield
7696,NED,Tijjani Reijnders,Midfield
7869,NED,Virgil van Dijk,Defence
7697,NED,Wout Weghorst,Offence
8167,NOR,Alexander Sørloth,Offence
157796,NOR,Andreas Schjelderup,Offence
169295,NOR,Antonio Nusa,Midfield
205467,NOR,David Wolfe,Defence
44441,NOR,Egil Selvik,Goalkeeper
38101,NOR,Erling Haaland,Offence
38088,NOR,Fredrik Aursnes,Midfield
37913,NOR,Fredrik Bjørkan,Defence
135036,NOR,Henrik Falchener,Defence
37916,NOR,Jens Hauge,Offence
44030,NOR,Julian Ryerson,Defence
213269,NOR,Jørgen Strand Larsen,Offence
44033,NOR,Kristian Thorstvedt,Midfield
16068,NOR,Kristoffer Ajer,Defence
44032,NOR,Leo Østigård,Defence
38548,NOR,Marcus Pedersen,Defence
7427,NOR,Martin Ødegaard,Midfield
7421,NOR,Morten Thorsby,Midfield
179716,NOR,Oscar Bobb,Midfield
37924,NOR,Patrick Berg,Midfield
8973,NOR,Sander Berge,Midfield
146024,NOR,Sander Tangvik,Goalkeeper
145159,NOR,Sondre Langås,Defence
150589,NOR,Thelo Aasgaard,Midfield
16197,NOR,Torbjørn Heggem,Defence
6843,NOR,Ørjan Nyland,Goalkeeper
176204,NZL,Alex Paulsen,Goalkeeper
4680,NZL,Alex Rufer,Midfield
177602,NZL,Ben Old,Midfield
82829,NZL,Ben Waine,Offence
113754,NZL,Callan Elliot,Defence
125117,NZL,Callum McCowatt,Midfield
8057,NZL,Chris Wood,Offence
118981,NZL,Elijah Just,Offence
176993,NZL,Finn Surman,Defence
111787,NZL,Francis De Vries,Defence
261259,NZL,Jesse Randall,Offence
144646,NZL,Joe Bell,Midfield
4593,NZL,Kosta Barbarouses,Offence
218039,NZL,Lachlan Bayliss,Offence
4690,NZL,Liberato Cacace,Defence
156513,NZL,Marko Stamenic,Midfield
185023,NZL,Matthew Garbett,Offence
48418,NZL,Max Crocombe,Goalkeeper
77036,NZL,Michael Boxall,Defence
80167,NZL,Michael Woud,Goalkeeper
146549,NZL,Nando Pijnaker,Defence
7723,NZL,Ryan Thomas,Midfield
4684,NZL,Sarpreet Singh,Midfield
125116,NZL,Tim Payne,Defence
11392,NZL,Tommy Smith,Defence
214425,NZL,Tyler Bindon,Defence
3864,PAN,Adalberto Carrasquilla,Midfield
58751,PAN,Alberto Quintero,Midfield
76711,PAN,Andrés Andrade,Defence
43793,PAN,Aníbal Godoy,Midfield
159094,PAN,Azarias Londoño,Offence
103158,PAN,Carlos Harvey,Midfield
28668,PAN,Cecilio Waterman,Midfield
110566,PAN,Cesar Samudio,Goalkeeper
166946,PAN,Christian Martinez,Midfield
84481,PAN,César Blackman,Defence
110577,PAN,César Yanis,Midfield
253717,PAN,Edgardo Fariña,Defence
43786,PAN,Fidel Escobar,Defence
43795,PAN,Ismael Díaz,Offence
100199,PAN,Jiovany Ramos,Defence
275040,PAN,Jorge Gutiérrez,Defence
103208,PAN,José Cordoba,Defence
3868,PAN,José Fajardo,Offence
8919,PAN,José Luis Rodríguez,Midfield
28382,PAN,Luis Mejía,Goalkeeper
188908,PAN,Michael Murillo,Defence
100186,PAN,Orlando Mosquera,Goalkeeper
22771,PAN,Roderick Miller,Defence
105650,PAN,Tomas Rodriguez,Offence
39139,PAN,Édgar Bárcenas,Midfield
43787,PAN,Éric Davis,Defence
250206,PAR,Alex Arce,Offence
274608,PAR,Alexandro Maidana,Defence
46467,PAR,Andrés Cubas,Midfield
14,PAR,Antonio Sanabria,Offence
122397,PAR,Braian Ojeda,Midfield
168954,PAR,Damian Bobadilla,Midfield
178951,PAR,Diego Gómez,Midfield
1436,PAR,Fabián Balbuena,Defence
59693,PAR,Gabriel Ávalos,Offence
28294,PAR,Gastón Olveira,Goalkeeper
191772,PAR,Gustavo Caballero,Offence
1741,PAR,Gustavo Gómez,Defence
172169,PAR,Gustavo Velázquez,Defence
114353,PAR,Isidro Pitta,Offence
178832,PAR,José Canale,Defence
141752,PAR,Juan Cáceres,Defence
168949,PAR,Julio Enciso,Offence
8395,PAR,Júnior Alonso,Defence
57316,PAR,Kaku,Midfield
165622,PAR,Matías Galarza,Midfield
119594,PAR,Mauricio,Midfield
76861,PAR,Miguel Almirón,Midfield
46491,PAR,Omar Alderete,Defence
270728,PAR,Orlando Gill,Goalkeeper
140647,PAR,Ramón Sosa,Offence
169622,PAR,Roberto Fernández,Goalkeeper
3254,POR,Bernardo Silva,Midfield
3257,POR,Bruno Fernandes,Midfield
44,POR,Cristiano Ronaldo,Offence
37362,POR,Diogo Costa,Goalkeeper
15905,POR,Diogo Dalot,Defence
150791,POR,Francisco Conceição,Offence
3259,POR,Gonçalo Guedes,Midfield
145357,POR,Gonçalo Inácio,Defence
101431,POR,Gonçalo Ramos,Offence
190877,POR,Joao Neves,Midfield
15899,POR,José Sá,Goalkeeper
2000,POR,João Cancelo,Defence
39265,POR,João Félix,Offence
91512,POR,Matheus Nunes,Defence
144570,POR,Nuno Mendes,Defence
15862,POR,Nélson Semedo,Defence
2074,POR,Pedro Neto,Offence
15892,POR,Rafael Leão,Offence
178769,POR,Renato Veiga,Defence
32014,POR,Rui Silva,Goalkeeper
10183,POR,Rúben Dias,Defence
3255,POR,Rúben Neves,Midfield
140814,POR,Samuel Almeida Costa,Midfield
177842,POR,Tomas Araujo,Defence
37332,POR,Trincão,Offence
178722,POR,Vitinha,Midfield
115827,QAT,Abdulaziz Hatem,Midfield
249923,QAT,Ahmed Al Ganehi,Midfield
189976,QAT,Ahmed Alaa Eldin,Offence
115832,QAT,Ahmed Fathy,Midfield
57652,QAT,Akram Afif,Offence
115837,QAT,Almoez Ali,Offence
57667,QAT,Assim Madibo,Midfield
295196,QAT,Ayoub Al-Oui,Defence
115828,QAT,Boualem Khoukhi,Defence
255986,QAT,Edmílson,Offence
253305,QAT,Hashemi Al Hussain,Defence
189973,QAT,Hassan Al Haydos,Offence
189725,QAT,Homam Ahmed,Defence
295191,QAT,Issa Laye,Defence
189707,QAT,Jassem Gaber Abdulsallam,Defence
115829,QAT,Karim Boudiaf,Midfield
194260,QAT,Lucas Mendes,Defence
156781,QAT,Mahmoud Abunada,Goalkeeper
129104,QAT,Meshaal Barsham,Goalkeeper
295195,QAT,Mohamed Al-Mannai,Midfield
135684,QAT,Mohammed Muntari,Offence
189969,QAT,Ró-Ró,Defence
103173,QAT,Salah Zakaria,Goalkeeper
249804,QAT,Sultan Al Brake,Defence
253301,QAT,Tahsin Jamshid,Midfield
129107,QAT,Yusuf Abdurisag,Midfield
33994,RSA,Aubrey Modiba,Defence
245836,RSA,Bradley Cross,Defence
245511,RSA,Evidence Makgopa,Offence
279850,RSA,Ime Okon,Defence
124636,RSA,Iqraam Rayners,Offence
147928,RSA,Jayden Adams,Midfield
286003,RSA,Kamogelo Sebelebele,Midfield
74101,RSA,Khuliso Mudau,Defence
286005,RSA,Khulumani Ndamane,Defence
34760,RSA,Lyle Foster,Offence
285992,RSA,Mbekezeli Mbokazi,Defence
34481,RSA,Nkosinathi Sibisi,Defence
217832,RSA,Olwethu Makhanya,Defence
118915,RSA,Oswin Appollis,Offence
270771,RSA,Relebohile Mofokeng,Offence
34456,RSA,Ricardo Goss,Goalkeeper
33986,RSA,Ronwen Williams,Goalkeeper
277223,RSA,Samukelo Kabini,Defence
34123,RSA,Sipho Chaine,Goalkeeper
133788,RSA,Sphephelo Sithole,Midfield
34012,RSA,Teboho Mokoena,Midfield
277299,RSA,Thalente Mbatha,Midfield
245495,RSA,Thapelo Maseko,Midfield
33954,RSA,Themba Zwane,Midfield
287754,RSA,Tholo Matuludi,Defence
287753,RSA,Tshepang Moremi,Offence
101111,SCO,Aaron Hickey,Defence
7868,SCO,Andrew Robertson,Defence
3981,SCO,Angus Gunn,Goalkeeper
34411,SCO,Anthony Ralston,Defence
176789,SCO,Ben Doak,Midfield
4119,SCO,Che Adams,Offence
15607,SCO,Craig Gordon,Goalkeeper
5769,SCO,Dominic Hyam,Defence
270697,SCO,Findlay Curtis,Midfield
25606,SCO,George Hirst,Offence
3986,SCO,Grant Hanley,Defence
16070,SCO,Jack Hendry,Defence
34646,SCO,John McGinn,Midfield
34429,SCO,John Souttar,Defence
34494,SCO,Kenny McLean,Midfield
15615,SCO,Kieran Tierney,Defence
52043,SCO,Lawrence Shankland,Offence
34638,SCO,Lewis Ferguson,Midfield
34960,SCO,Liam Kelly,Goalkeeper
35126,SCO,Lyndon Dykes,Offence
138174,SCO,Nathan Patterson,Defence
35101,SCO,Ross Stewart,Offence
34495,SCO,Ryan Christie,Midfield
34486,SCO,Scott McKenna,Defence
7905,SCO,Scott McTominay,Midfield
290139,SCO,Tyler Fletcher,Midfield
38154,SEN,Abdoulaye Seck,Defence
166640,SEN,Ahmadou Bamba Dieng,Offence
168667,SEN,Antoine Mendy,Defence
218474,SEN,Assane Diao,Offence
290450,SEN,Bara Ndiaye,Midfield
9148,SEN,Cherif Ndiaye,Offence
805,SEN,Edouard Mendy,Goalkeeper
205441,SEN,El Hadji Diouf,Defence
171876,SEN,Habib Diarra,Midfield
265040,SEN,Ibrahim M'Baye,Offence
3627,SEN,Idrissa Gana Guèye,Midfield
94091,SEN,Iliman Ndiaye,Midfield
194,SEN,Ismail Jakobs,Defence
3638,SEN,Ismaïla Sarr,Midfield
2086,SEN,Kalidou Koulibaly,Defence
8887,SEN,Krépin Diatta,Midfield
204269,SEN,Lamine Camara,Midfield
190866,SEN,Mamadou Sarr,Defence
20931,SEN,Mory Diaw,Goalkeeper
8723,SEN,Moussa Niakhaté,Defence
152515,SEN,Nicolas Jackson,Offence
633,SEN,Pape Gueye,Midfield
170391,SEN,Pape Sarr,Midfield
252052,SEN,Pape Thiaw,Coach
37649,SEN,Pathé Ciss,Midfield
3626,SEN,Sadio Mané,Offence
8608,SEN,Yehvann Diouf,Goalkeeper
144909,SUI,Ardon Jasari,Midfield
169297,SUI,Aurele Amenda,Defence
3483,SUI,Breel Embolo,Offence
16281,SUI,Christian Fassnacht,Midfield
30780,SUI,Cédric Itten,Offence
77641,SUI,Dan Ndoye,Offence
6687,SUI,Denis Zakaria,Midfield
16275,SUI,Djibril Sow,Midfield
30823,SUI,Eray Cömert,Defence
152692,SUI,Fabian Rieder,Midfield
3477,SUI,Granit Xhaka,Midfield
334,SUI,Gregor Kobel,Goalkeeper
212309,SUI,Johan Manzambi,Midfield
176711,SUI,Luca Jaquez,Defence
143,SUI,Manuel Akanji,Defence
205190,SUI,Marvin Keller,Goalkeeper
16265,SUI,Michel Aebischer,Midfield
50215,SUI,Miro Muheim,Defence
3475,SUI,Nico Elvedi,Defence
16058,SUI,Noah Okafor,Offence
1841,SUI,Remo Freuler,Midfield
1745,SUI,Ricardo Rodriguez,Defence
31913,SUI,Ruben Vargas,Midfield
2114,SUI,Silvan Widmer,Defence
9534,SUI,Yvon Mvogo,Goalkeeper
122313,SUI,Zeki Amdouni,Offence
111622,SWE,Alexander Bernhardsson,Offence
6486,SWE,Alexander Isak,Offence
166376,SWE,Anthony Elanga,Offence
72511,SWE,Benjamin Nygren,Offence
180627,SWE,Besfort Zeneli,Midfield
31019,SWE,Carl Starfelt,Defence
145937,SWE,Daniel Svensson,Defence
192811,SWE,Elliot Stroud,Defence
31926,SWE,Eric Smith,Defence
31531,SWE,Gabriel Gudmundsson,Defence
166538,SWE,Gustaf Lagerbielke,Defence
24083,SWE,Gustaf Nilsson,Offence
167409,SWE,Herman Johansson,Defence
31560,SWE,Hjalmar Ekdal,Defence
167031,SWE,Isak Hien,Defence
180671,SWE,Jacob Widell Zetterström,Goalkeeper
31065,SWE,Jesper Karlström,Midfield
3500,SWE,Ken Sema,Midfield
3484,SWE,Kristoffer Nordfeldt,Goalkeeper
193622,SWE,Lucas Bergvall,Midfield
15354,SWE,Mattias Svanberg,Midfield
180673,SWE,Taha Ali,Midfield
3492,SWE,Victor Nilsson-Lindelöf,Defence
8279,SWE,Viktor Gyökeres,Offence
149732,SWE,Viktor Johansson,Goalkeeper
145613,SWE,Yasin Ayari,Midfield
295202,TUN,Abdelmouhib Chamakh,Goalkeeper
285769,TUN,Adem Arous,Defence
99394,TUN,Ali El Abdi,Defence
141826,TUN,Anis Ben Slimane,Midfield
99393,TUN,Aymen Dahmen,Goalkeeper
3595,TUN,Dylan Bronn,Defence
171368,TUN,Elias Achouri,Midfield
171927,TUN,Elias Saad,Offence
3608,TUN,Ellyes Skhiri,Midfield
97476,TUN,Firas Chaouat,Offence
172854,TUN,Hadj Mahmoud,Midfield
169325,TUN,Hannibal Mejbri,Midfield
277192,TUN,Hazem Mastouri,Offence
161414,TUN,Ismaël Gharbi,Midfield
295662,TUN,Khalil Ayari,Offence
273918,TUN,Mohamed Amine Ben Hamida,Defence
177695,TUN,Montassar Talbi,Defence
130471,TUN,Mortadha Ben Ouanes,Defence
189007,TUN,Moutaz Neffati,Defence
144669,TUN,Omar Rekik,Defence
6657,TUN,Rani Khedira,Midfield
279116,TUN,Rayan Elloumi,Offence
295200,TUN,Sabri Ben Hessen,Goalkeeper
95125,TUN,Sebastian Tounekti,Offence
99799,TUN,Yan Valery,Defence
173578,TUN,Yassine Chikhaoui,Defence
29804,TUR,Abdülkerim Bardakcı,Defence
29518,TUR,Altay Bayındır,Goalkeeper
169162,TUR,Arda Guler,Midfield
172081,TUR,Baris Yilmaz,Midfield
193605,TUR,Can Uzun,Offence
188466,TUR,Deniz Gul,Offence
145831,TUR,Evren Eren Elmalı,Defence
9869,TUR,Ferdi Kadıoğlu,Defence
1754,TUR,Hakan Çalhanoğlu,Midfield
9512,TUR,Kaan Ayhan,Defence
191712,TUR,Kenan Yıldız,Offence
37118,TUR,Merih Demiral,Defence
16641,TUR,Mert Günok,Goalkeeper
10647,TUR,Mert Müldür,Defence
149737,TUR,Muhammed Kerem Aktürkoğlu,Offence
171972,TUR,Oguz Aydin,Midfield
7474,TUR,Orkun Kökçü,Midfield
30548,TUR,Ozan Kabak,Defence
201,TUR,Salih Özcan,Midfield
127226,TUR,Samet Akaydın,Defence
30283,TUR,Uğurcan Çakır,Goalkeeper
79906,TUR,Yunus Akgün,Offence
29622,TUR,Zeki Çelik,Defence
9475,TUR,Çağlar Söyüncü,Defence
180964,TUR,İrfan Kahveci,Midfield
148295,TUR,İsmail Yüksek,Midfield
28614,URU,Agustín Canobbio,Offence
28618,URU,Brian Rodríguez,Midfield
28612,URU,Darwin Núñez,Offence
130957,URU,Emiliano Martínez,Midfield
122506,URU,Facundo Pellistri,Midfield
96,URU,Federico Valverde,Midfield
112678,URU,Federico Viñas,Offence
3160,URU,Fernando Muslera,Goalkeeper
1244,URU,Giorgian De Arrascaeta,Midfield
3165,URU,Guillermo Varela,Defence
28740,URU,Joaquín Piquerez,Defence
213277,URU,José Giménez,Defence
152435,URU,Juan Sanabria,Midfield
28549,URU,Manuel Ugarte,Midfield
32754,URU,Mathías Olivera,Defence
28426,URU,Matías Viña,Defence
28770,URU,Maximiliano Araújo,Defence
168795,URU,Nicolas de la Cruz,Midfield
11206,URU,Rodrigo Aguirre,Offence
2041,URU,Rodrigo Bentancur,Midfield
121007,URU,Rodrigo Zalazar,Midfield
28292,URU,Ronald Araújo,Defence
32767,URU,Santiago Bueno,Defence
30210,URU,Santiago Mele,Goalkeeper
28326,URU,Sebastían Cáceres,Defence
30386,URU,Sergio Rochet,Goalkeeper
39023,USA,Alejandro Zendejas,Midfield
177823,USA,Alex Freeman,Defence
3927,USA,Antonee Robinson,Defence
77185,USA,Auston Trusty,Defence
113262,USA,Brenden Aaronson,Midfield
167172,USA,Chris Brady,Goalkeeper
99856,USA,Chris Richards,Defence
145,USA,Christian Pulisic,Offence
77029,USA,Cristian Roldan,Midfield
131040,USA,Folarin Balogun,Offence
136733,USA,Gio Reyna,Midfield
10076,USA,Haji Wright,Offence
82442,USA,Joseph Scally,Defence
144470,USA,Malik Tillman,Midfield
77803,USA,Mark McKenzie,Defence
113261,USA,Matt Freese,Goalkeeper
76936,USA,Matt Turner,Goalkeeper
192180,USA,Max Arfsten,Offence
76866,USA,Miles Robinson,Defence
119731,USA,Ricardo Pepi,Offence
140416,USA,Sebastian Berhalter,Midfield
97534,USA,Sergiño Dest,Defence
3956,USA,Tim Ream,Defence
8492,USA,Tim Weah,Offence
77596,USA,Tyler Adams,Midfield
6507,USA,Weston McKennie,Midfield
214531,UZB,Abbosbek Fayzullaev,Midfield
212868,UZB,Abdukodir Khusanov,Defence
243928,UZB,Abdulla Abdullayev,Defence
243911,UZB,Abduvakhid Nematov,Goalkeeper
149716,UZB,Akmal Mozgovoy,Midfield
295866,UZB,Avazbek Ulmasaliev,Defence
249659,UZB,Azizbek Amonov,Offence
232740,UZB,Azizjon Ganiev,Midfield
295345,UZB,Bekhruz Karimov,Defence
244395,UZB,Botir Ergashev,Goalkeeper
49149,UZB,Dostonbek Xamdamov,Midfield
49307,UZB,Eldor Shomurodov,Offence
231904,UZB,Farrukh Sayfiyev,Defence
183140,UZB,Igor Sergeev,Offence
221787,UZB,Jakhongir O'rozov,Defence
117326,UZB,Jaloliddin Masharipov,Offence
132176,UZB,Jamshid Iskanderov,Midfield
243825,UZB,Khodjiakbar Alijonov,Defence
232753,UZB,Odiljon Hamrobekov,Midfield
119221,UZB,Oston Urunov,Midfield
117321,UZB,Otabek Shukurov,Midfield
132172,UZB,Rustam Ashurmatov,Defence
262464,UZB,Sherzod Esanov,Midfield
243838,UZB,Sherzod Nasrullayev,Defence
132173,UZB,Umar Eshmurodov,Defence
244531,UZB,Utkir Yusupov,Goalkeeper
